<tile>
  <visual version="2">
    <binding template="TileSquare150x150Text02" fallback="TileSquareText02">
      <text id="1">Error</text>
      <text id="2">An error has occurred.</text>
    </binding>
    
    <binding template="TileWide310x150Text01" fallback="TileWideText01">
      <text id="1">Error occurred</text>
      <text id="2">An error has occurred</text>
      <text id="3">while fetching the tile content.</text>
      <text id="4">If this continues, file an issue on GitHub.</text>
      <text id="5"></text>
    </binding>
    
    <binding template="TileSquare310x310Text01">
      <text id="1">Error occurred</text>
      <text id="2">An error has occurred</text>
      <text id="3">while fetching the tile content.</text>
      <text id="4">If this continues, file an issue</text>
      <text id="5">on GitHub.</text>
      <text id="6"></text>
      <text id="7">It's also possible that</text>
      <text id="8">the URLs or formats of the</text>
      <text id="9">RSS feeds have changed.</text>
      <text id="10"></text>
    </binding>
  </visual>
</tile>
