<tile>
  <visual version="2">
    <binding template="TileSquare150x150Image" fallback="TileSquareImage">
      <image id="1" src="{img_url}" alt="Image of food"/>
    </binding>
      
    <binding template="TileWide310x150ImageAndText01" fallback="TileWideImageAndText01">
      <image id="1" src="{img_url}" alt="Image of food"/>
      <text id="1">{image_title}</text>
    </binding>  

    <binding template="TileSquare310x310ImageAndText01">
      <image id="1" src="{img_url}" alt="Image of food"/>
      <text id="1">{image_title}</text>
    </binding>
  </visual>
</tile>