<tile>
  <visual version="2">
    <binding template="TileSquare150x150PeekImageAndText04" fallback="TileSquarePeekImageAndText04">
      <image id="1" src="{img_url}" alt=""/>
      <text id="1">{article_text}</text>
    </binding>
    <binding template="TileWide310x150PeekImageAndText01" fallback="TileWidePeekImageAndText01">
      <image id="1" src="{img_url}" alt="alt text"/>
      <text id="1">{article_text}</text>
    </binding>    
    <binding template="TileSquare310x310ImageAndText01">
      <image id="1" src="{img_url}" alt="alt text"/>
      <text id="1">{article_text}</text>
    </binding>  
  </visual>
</tile>