<tile>
  <visual version="2">
    <binding template="TileSquare150x150Text02" fallback="TileSquareText02">
      <text id="1">Mock</text>
      <text id="2">Resize tile for more info.</text>
    </binding>
    
    <binding template="TileWide310x150Text01" fallback="TileWideText01">
      <text id="1">Mock Tile</text>
      <text id="2">This isn't supposed to be</text>
      <text id="3">seen during use.</text>
      <text id="4">If this continues, file an issue on GitHub.</text>
      <text id="5"></text>
    </binding>
    
    <binding template="TileSquare310x310Text01">
      <text id="1">Mock Tile</text>
      <text id="2">This isn't supposed to</text>
      <text id="3">be seen during</text>
      <text id="4">use.</text>
      <text id="5"></text>
      <text id="6">If you see this,</text>
      <text id="7">I may have left it in</text>
      <text id="8">on accident, and</text>
      <text id="9">you should file an issue</text>
      <text id="10">GitHub.</text>
    </binding>  
  </visual>
</tile>
