<tile>
    <visual version="2" lang="en-US">
        <binding template="TileSquare150x150PeekImageAndText04" fallback="TileSquarePeekImageAndText04">
            <image id="1" src="{img_url}" alt=""/>
            <text id="1">{article_text}</text>     
        </binding>
        <binding template="TileWide310x150ImageAndText01" fallback="TileWideImageAndText01">
            <image id="1" src="{img_url}" alt=""/>
            <text id="1">{article_text}</text>
        </binding>
        <binding template="TileSquare310x310ImageAndText01">
            <image id="1" src="{img_url}" alt=""/>
            <text id="1">{article_text}</text>
        </binding>
    </visual>
</tile>