<tile>
  <visual version="2">
    <binding template="TileSquare150x150Text02" fallback="TileSquareText02">
      <text id="1">Resize</text>
      <text id="2">Resize for more info.</text>
    </binding>
    
    <binding template="TileWide310x150Text01" fallback="TileWideText01">
      <text id="1">Not implemented</text>
      <text id="2">This tile is currently unimplemented</text>
      <text id="3">and currently has no plans</text>
      <text id="4">to be implemented.</text>
      <text id="5"></text>
    </binding>
    
    <binding template="TileSquare310x310Text01">
      <text id="1">Not implemented</text>
      <text id="2">This tile is currently unimplemented</text>
      <text id="3">and currently has no plans</text>
      <text id="4">to be implemented.</text>
      <text id="5"></text>
      <text id="6"></text>
      <text id="7"></text>
      <text id="8"></text>
      <text id="9"></text>
      <text id="10"></text>
    </binding>
  </visual>
</tile>
