<tile>
  <visual version="2">
    <binding template="TileSquare150x150Text02" fallback="TileSquareText02">
      <text id="1">Offline</text>
      <text id="2">You're offline.</text>
    </binding>
    
    <binding template="TileWide310x150Text01" fallback="TileWideText01">
      <text id="1">Offline</text>
      <text id="2">You're offline.</text>
      <text id="3">You need to be online</text>
      <text id="4">to fetch content.</text>
      <text id="5"></text>
    </binding>
    
    <binding template="TileSquare310x310Text01">
      <text id="1">Offline</text>
      <text id="2">You're offline.</text>
      <text id="3"></text>
      <text id="4">You need to be online to fetch</text>
      <text id="5">content.</text>
      <text id="6"></text>
      <text id="7">It's also possible that</text>
      <text id="8">an error occurred.</text>
      <text id="9">Please connect to the internet and</text>
      <text id="10">try again.</text>
    </binding>
  </visual>
</tile>
