<tile>
  <visual version="2">
    <binding template="TileSquare150x150Text04" fallback="TileSquareText04">
      <text id="1">{article_text}</text>
    </binding>  
    <binding template="TileWide310x150Text04" fallback="TileWideText04">
      <text id="1">{article_text}</text>
    </binding>  
    <binding template="TileSquare310x310SmallImageAndText01">
      <image id="1" src="{img_url}" alt="alt text"/>
      <text id="1">Sports</text>
      <text id="2">{article_text}</text>
      <text id="3"></text>
    </binding>  
  </visual>
</tile>
