﻿<tile xmlns:xsd="http://www.w3.org/2001/XMLSchema" xmlns:xsi="http://www.w3.org/2001/XMLSchema-instance"> 
<visual version="2" lang="en-us">
<binding template="TileSquare150x150Block" branding="name">
<text id="1">{current_temp}°</text>
<text id="2">{location}</text>
</binding>
<binding template="TileWide310x150ImageAndText02" fallback="TileWideImageAndText02">
<image id="1" src="{msn_weather_large}"/>
<text id="1">Today: {high_temp}/{low_temp}°</text>
<text id="2">Now: {current_temp}° {weather_condition}</text>
</binding>  
<binding template="TileSquare310x310BlockAndText02" branding="name">
<image id="1" src="{msn_weather_large}"/>
<text id="1">{current_temp}°</text>
<text id="2">{weather_condition}</text>
<text id="3">{location}</text>
<text id="4">Today: {high_temp}/{low_temp}°</text>
<text id="5">{today_description}</text>
<text id="6">Tomorrow: {tomorrow_high}/{tomorrow_low}°</text>
<text id="7">{tomorrow_description}</text>
</binding>
</visual>
</tile>